WALKER_ID,TITLE,FIRSTNAME,LASTNAME,ADDR1,ADDR2,POSTCODE,MOBILE,GENDER,BIRTHDATE
103,MR,THOMAS,WEBB,46 Ocean Dr,CLANNOD,G26 4UT,07700 900317,M,19/06/1964
104,MR,ALEXANDER,TEMPLETON,7 Oak Ave,DOWNLEA,G29 2HQ,07700 900763,M,11/04/1989
105,MS,ANNA,MARKS,74 Nut St,CLANNOD,G26 2GQ,07700 900240,F,05/06/1977
106,MR,THOMAS,LEE,73 Tree Ave,DOWNLEA,G29 3NR,07700 900817,M,26/09/1961
107,DR,ARSALAN,TUBMAN,16 Cork Ave,AIRDALE,G25 3FN,07700 900969,M,21/01/1992
108,MS,XIAOFEI,CHOW,94 Tree Ave,DENHOME,G27 4QN,07700 900384,F,03/04/1990
109,MS,GEORGINA,BARKER,34 Cork Ave,STRATHAYR,G28 8JY,07700 900848,F,20/02/1975
110,MS,ANNA,POLONGA,81 Tree Ave,DENHOME,G27 6PA,07700 900972,F,09/12/1982
111,MR,FENG,BRETT,7 Nut St,DOWNLEA,G29 1ZK,07700 900720,M,26/08/1967
112,DR,ISABEL,SELF,52 Park Rd,AIRDALE,G25 6XY,07700 900783,F,24/04/1995
113,MR,SAIRAJ,MORGAN,38 High St,PAISELEIGH,G24 7BK,07700 900036,M,15/06/1974
114,MR,HUGH,KHAWALDEH,76 Park Way,AIRDALE,G25 6BU,07700 900202,M,25/10/1970
115,MS,ALEX,DONG,68 Cork Ave,STRATHAYR,G28 1OT,07700 900859,F,28/01/1983
116,DR,SHELBY,HONG,83 Park Rd,CLANNOD,G26 5MT,07700 900532,F,06/02/1976
117,DR,ISABEL,KHAWALDEH,76 Park Way,AIRDALE,G25 6BU,07700 900342,F,25/07/1972
118,DR,ALEXANDER,TEMPLETON,73 Nut St,AIRDALE,G25 4ZG,07700 900145,M,04/11/1999
119,MS,EMMA,WEBB,48 Tree Ave,CLANNOD,G26 1JH,07700 900734,F,18/09/1999
120,MR,SIAVASH,LEE,30 Hill St,DENHOME,G27 7YS,07700 900008,M,24/06/1976
121,MR,ANDREW,RAJA,84 Oak Ave,AIRDALE,G25 1DB,07700 900102,M,24/09/1990
122,MR,NICHOLAS,SMITH,16 Elm St,AIRDALE,G25 1LC,07700 900424,M,17/12/1994
123,MR,DAVID,PITTARD,32 Ocean Dr,AIRDALE,G25 1LW,07700 900988,M,11/02/1966
124,MS,CLARISSE,LAW,76 Park Rd,DENHOME,G27 1LR,07700 900467,F,23/06/1997
125,MS,SHELBY,KHAWALDEH,63 Park Rd,PAISELEIGH,G24 2OF,07700 900978,F,23/01/2000
126,MR,JAMES,PAREAS,70 Hill St,STRATHAYR,G28 7PJ,07700 900992,M,10/09/1964
127,MS,KATRINA,BAWE,68 Park Rd,DOWNLEA,G29 5NS,07700 900574,F,28/12/1966
128,MR,LUCY,FUBARA,40 High St,DENHOME,G27 1VN,07700 900353,M,26/12/1967
129,MS,GEORGIA,PICKUP,41 Oak Ave,PAISELEIGH,G24 3XZ,07700 900269,F,16/07/1975
130,MS,ALEXANDER,RABOT,68 Elm St,DENHOME,G27 8MQ,07700 900726,F,07/05/1982
131,DR,THUSHITHA,PARTHIBAN,77 Park Rd,STRATHAYR,G28 7EI,07700 900429,F,12/07/1961
132,MR,FENG,CHOW,19 Oak Ave,DENHOME,G27 8GZ,07700 900551,M,29/04/1987
133,MS,HOLLY,BENSLEY,47 Nut St,AIRDALE,G25 1NF,07700 900716,F,03/09/1972
